,Image,Class_of_image,Brand_name
0,006a22fa50.jpg,consumer_products,Unnamed
1,01484e7348.jpg,consumer_products,Unnamed
2,015d91ab7b.jpg,consumer_products,eo
3,01f8ce31f6.jpg,consumer_products,whaltaun4iieoa
4,020e280221.jpg,consumer_products,Unnamed
5,023f2fffb5.jpg,consumer_products,Unnamed
6,03055302c2.jpg,consumer_products,Unnamed
7,03096d79f6.jpg,consumer_products,Unnamed
8,0313932c71.jpg,consumer_products,Unnamed
9,035901786e.jpg,consumer_products,Unnamed
10,03a8f0c877.jpg,consumer_products,Unnamed
11,03b046d851.jpg,consumer_products,Unnamed
12,03b35bb939.jpg,consumer_products,Unnamed
13,0446e93c6b.jpg,consumer_products,Unnamed
14,045619ac0e.jpg,consumer_products,Unnamed
15,04a8d576ee.jpg,consumer_products,Unnamed
16,04eb7cdb85.jpg,consumer_products,Unnamed
17,051f3acaca.jpg,consumer_products,Unnamed
18,058c3a9f96.jpg,consumer_products,suenerinret
19,059b8436bb.jpg,consumer_products,Unnamed
20,05b569c392.jpg,consumer_products,Unnamed
21,05b5f66700.jpg,consumer_products,4of30a
22,05c384621a.jpg,consumer_products,Unnamed
23,05ca4a11c0.jpg,consumer_products,Unnamed
24,05f5bd6129.jpg,consumer_products,Unnamed
25,0624cff408.jpg,consumer_products,Unnamed
26,064478047a.jpg,consumer_products,Unnamed
27,067a2930bd.jpg,consumer_products,Unnamed
28,06865667b7.jpg,consumer_products,Unnamed
29,06a71b5294.jpg,consumer_products,poaeaie
30,06aa7f7858.jpg,consumer_products,Unnamed
31,06adc95953.jpg,consumer_products,Unnamed
32,06be5008c1.jpg,consumer_products,Unnamed
33,06cc625937.jpg,consumer_products,Unnamed
34,0701e4e837.jpg,consumer_products,Unnamed
35,073c7e5c71.jpg,consumer_products,Unnamed
36,07af00f3d3.jpg,consumer_products,Unnamed
37,083d3a82ef.jpg,consumer_products,Unnamed
38,085c4511c6.jpg,consumer_products,Unnamed
39,08c11619d1.jpg,consumer_products,Unnamed
40,08e8ef2597.jpg,consumer_products,Unnamed
41,08f6347e00.jpg,toys,Unnamed
42,08fdfddda3.jpg,consumer_products,Unnamed
43,09146fc082.jpg,consumer_products,Unnamed
44,0927a01985.jpg,consumer_products,Unnamed
45,09697beaf0.jpg,consumer_products,Unnamed
46,09b0b9c31d.jpg,consumer_products,Unnamed
47,0a1f3af3af.jpg,consumer_products,Unnamed
48,0a284c5f95.jpg,consumer_products,Unnamed
49,0a48c9b477.jpg,consumer_products,Unnamed
50,0a959fb916.jpg,consumer_products,Unnamed
51,0b207f6ba8.jpg,consumer_products,Unnamed
52,0b25f57563.jpg,consumer_products,Unnamed
53,0b87f0b0be.jpg,consumer_products,Unnamed
54,0ba2f37813.jpg,consumer_products,Unnamed
55,0bc4ae6153.jpg,consumer_products,Unnamed
56,0bd22236d9.jpg,consumer_products,Unnamed
57,0c0751229c.jpg,consumer_products,Unnamed
58,0c18ec5dfb.jpg,consumer_products,Unnamed
59,0c471547ec.jpg,consumer_products,eae
60,0c4b43ee24.jpg,consumer_products,Unnamed
61,0c6e274829.jpg,consumer_products,Unnamed
62,0c80e323ff.jpg,consumer_products,BABS
63,0cd0f3bd5b.jpg,consumer_products,Unnamed
64,0d31585832.jpg,consumer_products,Unnamed
65,0d36968bc7.jpg,consumer_products,Unnamed
66,0d5bacdd7d.jpg,consumer_products,Unnamed
67,0da05cfdbc.jpg,consumer_products,Unnamed
68,0e078e8072.jpg,consumer_products,Unnamed
69,0e3790d28d.jpg,consumer_products,Unnamed
70,0e4e88e466.jpg,consumer_products,Unnamed
71,0eb09d414e.jpg,consumer_products,Unnamed
72,0eb517b93a.jpg,consumer_products,Unnamed
73,0f1a353b7f.jpg,consumer_products,Unnamed
74,0f6e6179c9.jpg,consumer_products,Ged
75,0fb9909fbf.jpg,consumer_products,Unnamed
76,102a995962.jpg,consumer_products,Unnamed
77,106dd7ed68.jpg,consumer_products,Unnamed
78,10afcbb0f8.jpg,consumer_products,Unnamed
79,10c061699a.jpg,consumer_products,Unnamed
80,10dd9a463c.jpg,consumer_products,Unnamed
81,10e6336050.jpg,consumer_products,Unnamed
82,11185cd72b.jpg,consumer_products,Unnamed
83,1132ca5dae.jpg,consumer_products,Unnamed
84,114d426fee.jpg,consumer_products,Unnamed
85,11c26ce35f.jpg,consumer_products,Unnamed
86,120951f217.jpg,consumer_products,Unnamed
87,1289803c2a.jpg,consumer_products,Unnamed
88,12b0b3dd14.jpg,consumer_products,Unnamed
89,12c90bcd8c.jpg,consumer_products,Unnamed
90,13a4e3e6f7.jpg,consumer_products,eae
91,13c2eec6f1.jpg,consumer_products,ieaegee
92,13e2bd6509.jpg,consumer_products,Unnamed
93,14068ac865.jpg,consumer_products,ffe
94,1408f796c6.jpg,consumer_products,Unnamed
95,140f5b88cb.jpg,consumer_products,Unnamed
96,142bdf4abf.jpg,consumer_products,Unnamed
97,1446f37801.jpg,consumer_products,Unnamed
98,1464cb5150.jpg,consumer_products,Unnamed
99,146e5c0746.jpg,consumer_products,Unnamed
100,149569c3c4.jpg,consumer_products,andi
101,14f4e7bd42.jpg,consumer_products,Unnamed
102,15f70c989d.jpg,consumer_products,Unnamed
103,160e40bc56.jpg,consumer_products,Unnamed
104,1653863905.jpg,consumer_products,Unnamed
105,165bd00df5.jpg,consumer_products,Unnamed
106,169644b453.jpg,consumer_products,Unnamed
107,16de3dc424.jpg,toys,Unnamed
108,16e0ad502c.jpg,consumer_products,Unnamed
109,16e365c7f8.jpg,consumer_products,Unnamed
110,1706e60f94.jpg,consumer_products,Unnamed
111,172226a73c.jpg,consumer_products,a
112,17a6ec3ac5.jpg,consumer_products,Unnamed
113,18411b0ec7.jpg,consumer_products,Unnamed
114,1895e4104e.jpg,consumer_products,Unnamed
115,18d53af661.jpg,consumer_products,evyCED
116,18e3c90fd0.jpg,consumer_products,Unnamed
117,18e8f94214.jpg,consumer_products,Unnamed
118,194805179f.jpg,consumer_products,Unnamed
119,1962fd111a.jpg,consumer_products,Unnamed
120,1979cc4502.jpg,consumer_products,go
121,19ad2ef0a9.jpg,consumer_products,Unnamed
122,19fec75b66.jpg,consumer_products,Unnamed
123,1a67829b4f.jpg,consumer_products,Unnamed
124,1a8b2656b1.jpg,consumer_products,fai
125,1a9bd9e6a3.jpg,consumer_products,Unnamed
126,1ab5f6ce66.jpg,consumer_products,Unnamed
127,1ada0fab01.jpg,consumer_products,Unnamed
128,1ae23a125c.jpg,consumer_products,Unnamed
129,1b3a3233a6.jpg,consumer_products,Unnamed
130,1b69ca8da2.jpg,consumer_products,n
131,1bbcc63d49.jpg,consumer_products,Unnamed
132,1c2a0e78d8.jpg,consumer_products,Unnamed
133,1cf281d0e3.jpg,consumer_products,4éoteg
134,1cfd868fa4.jpg,consumer_products,Unnamed
135,1d40f4fbc9.jpg,consumer_products,Unnamed
136,1dc92e1208.jpg,consumer_products,te
137,1dd29a39f9.jpg,consumer_products,Unnamed
138,1deece205e.jpg,consumer_products,Unnamed
139,1e01769205.jpg,consumer_products,Unnamed
140,1e8dc21325.jpg,consumer_products,cl
141,1f37144658.jpg,consumer_products,Unnamed
142,1f907278f1.jpg,consumer_products,Unnamed
143,2011ae8e19.jpg,consumer_products,Se
144,205b9ea2ad.jpg,consumer_products,Unnamed
145,20675a0f17.jpg,consumer_products,Unnamed
146,20ba9dfde3.jpg,consumer_products,Unnamed
147,20f4e86283.jpg,consumer_products,Unnamed
148,20fc6838a5.jpg,consumer_products,Unnamed
149,21938a8b70.jpg,consumer_products,Unnamed
150,221303b894.jpg,consumer_products,i
151,2219496084.jpg,consumer_products,Unnamed
152,224b49325e.jpg,consumer_products,raaa9aj
153,22635d85d3.jpg,consumer_products,Unnamed
154,22e5795f7a.jpg,consumer_products,Unnamed
155,2341c8f4b0.jpg,consumer_products,Unnamed
156,2367643745.jpg,consumer_products,Pas
157,23fd1e1c93.jpg,consumer_products,Unnamed
158,2403a85a47.jpg,consumer_products,Unnamed
159,24205d7c3e.jpg,consumer_products,Unnamed
160,24d10a5c77.jpg,consumer_products,Unnamed
161,251be3bfe6.jpg,consumer_products,Unnamed
162,2526180522.jpg,consumer_products,Unnamed
163,253357ce77.jpg,consumer_products,Unnamed
164,256655ca80.jpg,consumer_products,Unnamed
165,25a0b1ea22.jpg,consumer_products,Unnamed
166,25fed1cbc4.jpg,consumer_products,Unnamed
167,263903ba1d.jpg,consumer_products,Unnamed
168,264f0c7815.jpg,consumer_products,Unnamed
169,26505e8a90.jpg,consumer_products,Unnamed
170,2657a1616c.jpg,consumer_products,Unnamed
171,267d2f3fae.jpg,consumer_products,Unnamed
172,26b37c8244.jpg,consumer_products,wnthws
173,26efd8096f.jpg,consumer_products,Unnamed
174,2705c1f073.jpg,consumer_products,RN
175,2717256dd7.jpg,consumer_products,ae
176,2783bfe10d.jpg,consumer_products,Unnamed
177,283213fad7.jpg,toys,OLcvarySieWeBkre
178,28405116e7.jpg,consumer_products,Unnamed
179,28cb42d1dd.jpg,consumer_products,Unnamed
180,28f11355fe.jpg,consumer_products,Unnamed
181,28f34c848b.jpg,consumer_products,Unnamed
182,294c445b8c.jpg,consumer_products,Le
183,2976b42333.jpg,consumer_products,Unnamed
184,29f663aeba.jpg,consumer_products,Unnamed
185,2a0da8b3cb.jpg,consumer_products,af
186,2a4d48fff9.jpg,consumer_products,Unnamed
187,2a52a7aac4.jpg,consumer_products,Unnamed
188,2ab8e2e261.jpg,consumer_products,Unnamed
189,2ad90f4a6e.jpg,consumer_products,Unnamed
190,2af94f3780.jpg,consumer_products,Unnamed
191,2b55e86c96.jpg,consumer_products,Unnamed
192,2b5f360a1a.jpg,consumer_products,Unnamed
193,2b65eccb4c.jpg,consumer_products,Unnamed
194,2bab83190c.jpg,consumer_products,Unnamed
195,2baf02f8cc.jpg,consumer_products,Unnamed
196,2bc0478e45.jpg,consumer_products,Unnamed
197,2bf33ceebb.jpg,consumer_products,Unnamed
198,2c0d0ed5bf.jpg,consumer_products,Unnamed
199,2c3001d341.jpg,consumer_products,Unnamed
200,2c5bfa6ce1.jpg,consumer_products,Unnamed
201,2c626e3f75.jpg,consumer_products,Unnamed
202,2c803ff0a0.jpg,consumer_products,Unnamed
203,2c928a3ea3.jpg,consumer_products,Unnamed
204,2ca2a363a9.jpg,consumer_products,Unnamed
205,2da5ba205f.jpg,toys,Unnamed
206,2ddfab1378.jpg,consumer_products,Unnamed
207,2de4c86d32.jpg,consumer_products,Unnamed
208,2e3d8251ca.jpg,consumer_products,Unnamed
209,2edc497597.jpg,consumer_products,Unnamed
210,2eff8a20a3.jpg,consumer_products,Unnamed
211,2f24330531.jpg,consumer_products,Unnamed
212,2f2b3ef67f.jpg,consumer_products,Unnamed
213,2f559cd1b7.jpg,consumer_products,Unnamed
214,2f6e837f1f.jpg,consumer_products,Unnamed
215,2f904bbf46.jpg,consumer_products,Unnamed
216,2f907b9e6f.jpg,consumer_products,Unnamed
217,2f97853887.jpg,consumer_products,Unnamed
218,2f9ccda63b.jpg,consumer_products,ayrisav
219,2fb7cdb336.jpg,consumer_products,Unnamed
220,306a7fdd9f.jpg,consumer_products,Unnamed
221,3071faf4f7.jpg,consumer_products,Se
222,30b3d30f74.jpg,consumer_products,TFEEDINGBOTTLESarar
223,30bbceb509.jpg,consumer_products,Unnamed
224,30caf83c1e.jpg,consumer_products,fi
225,30f3f95795.jpg,consumer_products,Unnamed
226,316343e66f.jpg,consumer_products,Unnamed
227,31976603b6.jpg,consumer_products,Unnamed
228,323118a92a.jpg,consumer_products,Unnamed
229,32e3860f64.jpg,consumer_products,Unnamed
230,332e8283b0.jpg,consumer_products,fey
231,334939dfb7.jpg,consumer_products,Unnamed
232,3358b724a2.jpg,consumer_products,Unnamed
233,3360ccc0b2.jpg,consumer_products,Unnamed
234,3365d278c7.jpg,consumer_products,Unnamed
235,33793aa0ed.jpg,consumer_products,Unnamed
236,341dd8d431.jpg,consumer_products,um
237,3456406c0b.jpg,consumer_products,Unnamed
238,34864d68ad.jpg,consumer_products,Unnamed
239,348d750d8c.jpg,consumer_products,Unnamed
240,34ad41ee50.jpg,consumer_products,Unnamed
241,34f5748bf8.jpg,consumer_products,Unnamed
242,34ffe19b34.jpg,consumer_products,Ai4Hilos
243,35083ba2a6.jpg,consumer_products,Unnamed
244,3512ca433b.jpg,consumer_products,teh
245,3518d3a9e8.jpg,consumer_products,i
246,35398d0d61.jpg,consumer_products,2AR
247,353b753084.jpg,consumer_products,eeoral
248,35708cfea7.jpg,consumer_products,Unnamed
249,362037db5e.jpg,consumer_products,Unnamed
250,362d556b92.jpg,consumer_products,Unnamed
251,3690f45b0d.jpg,consumer_products,1ron
252,36a515220b.jpg,consumer_products,Unnamed
253,36a56c82d2.jpg,consumer_products,Unnamed
254,36aa9ff686.jpg,consumer_products,Unnamed
255,36e5d88956.jpg,consumer_products,O08
256,370dd637ab.jpg,consumer_products,Unnamed
257,370f1129f3.jpg,consumer_products,9e0000
258,372f60d4c2.jpg,consumer_products,Unnamed
259,375883574c.jpg,consumer_products,BeJrhe
260,37b850ac69.jpg,consumer_products,Unnamed
261,37b8b95330.jpg,consumer_products,éRe
262,37fbae6b39.jpg,consumer_products,Unnamed
263,3833c5065e.jpg,consumer_products,Unnamed
264,384811545f.jpg,consumer_products,Unnamed
265,3853c3aad6.jpg,consumer_products,Unnamed
266,386f26c9ef.jpg,consumer_products,Unnamed
267,38ce33b0a3.jpg,consumer_products,Edee
268,38d79c7c81.jpg,consumer_products,Unnamed
269,392795f45f.jpg,consumer_products,Unnamed
270,39320e9095.jpg,consumer_products,Unnamed
271,39b6b95e64.jpg,consumer_products,Unnamed
272,39bd7d94e6.jpg,consumer_products,Unnamed
273,39ee899aaf.jpg,consumer_products,Unnamed
274,39faa51ccf.jpg,consumer_products,Unnamed
275,3a489546cd.jpg,consumer_products,a
276,3a729cf6e4.jpg,consumer_products,BuitdingBlocksaya
277,3a8cb219ca.jpg,consumer_products,Alchomdamity
278,3b226ec1cf.jpg,consumer_products,Unnamed
279,3b43436ec2.jpg,consumer_products,Unnamed
280,3bc677359b.jpg,consumer_products,ag
281,3be1e37faf.jpg,consumer_products,Unnamed
282,3c1b31db10.jpg,consumer_products,Unnamed
283,3c73eebf56.jpg,consumer_products,Unnamed
284,3c9c5e9d2e.jpg,consumer_products,Unnamed
285,3cdf977138.jpg,consumer_products,Unnamed
286,3cea583216.jpg,consumer_products,Unnamed
287,3d43684ad2.jpg,consumer_products,Unnamed
288,3d6b06acbf.jpg,consumer_products,Unnamed
289,3daef1ee68.jpg,consumer_products,Unnamed
290,3dc4c7fce1.jpg,consumer_products,Unnamed
291,3dd47500cd.jpg,consumer_products,Unnamed
292,3dda768513.jpg,consumer_products,Unnamed
293,3dda9d4070.jpg,consumer_products,Unnamed
294,3ddfb2fc24.jpg,consumer_products,hablarFaigle
295,3e235d646e.jpg,consumer_products,odweusfea10HON0
296,3e97c4456b.jpg,consumer_products,Unnamed
297,3ee3c03b07.jpg,toys,Unnamed
298,3ee795a6ab.jpg,consumer_products,Unnamed
299,3efa873f70.jpg,consumer_products,Unnamed
300,3f33579987.jpg,consumer_products,Unnamed
301,3f41bef158.jpg,consumer_products,Unnamed
302,3f75b6cde5.jpg,consumer_products,Unnamed
303,3fb64c259f.jpg,consumer_products,Unnamed
304,3fe7527c8b.jpg,consumer_products,aos
305,402e48f6a7.jpg,consumer_products,Unnamed
306,408e3e6d99.jpg,consumer_products,Unnamed
307,40bed13676.jpg,consumer_products,Unnamed
308,40daa41d0c.jpg,consumer_products,Sn
309,41074c7cd3.jpg,consumer_products,Unnamed
310,4127e3214e.jpg,consumer_products,Unnamed
311,41ae1f6448.jpg,consumer_products,Unnamed
312,41d87c81e9.jpg,consumer_products,Unnamed
313,41e8ab7691.jpg,consumer_products,Unnamed
314,421808af9f.jpg,consumer_products,Unnamed
315,42ea99b437.jpg,consumer_products,Unnamed
316,42ee0c8bd5.jpg,consumer_products,Unnamed
317,4371811755.jpg,consumer_products,Unnamed
318,4478205463.jpg,consumer_products,Unnamed
319,44d58f694a.jpg,consumer_products,Unnamed
320,44e890e639.jpg,consumer_products,Unnamed
321,453d9b067a.jpg,consumer_products,Unnamed
322,4586a80251.jpg,consumer_products,Unnamed
323,45dca687bb.jpg,consumer_products,Unnamed
324,45e07e9cdc.jpg,consumer_products,Unnamed
325,4638b5ae9f.jpg,consumer_products,Unnamed
326,4649a5a978.jpg,consumer_products,Unnamed
327,4675c83b22.jpg,consumer_products,Unnamed
328,4701e75df2.jpg,consumer_products,Unnamed
329,470a95dae8.jpg,consumer_products,EEE
330,476ef58bef.jpg,consumer_products,eTa
331,47f7539087.jpg,consumer_products,Unnamed
332,481b1e0479.jpg,consumer_products,ee
333,484415cbdc.jpg,consumer_products,Unnamed
334,4867bf299f.jpg,consumer_products,Unnamed
335,48c8d6efbe.jpg,consumer_products,Unnamed
336,492ffce175.jpg,consumer_products,Unnamed
337,49325378ed.jpg,consumer_products,Unnamed
338,4938d4f635.jpg,consumer_products,Unnamed
339,49a6c3d8f9.jpg,consumer_products,Unnamed
340,49f8d7fcbc.jpg,consumer_products,Unnamed
341,49ffeed84a.jpg,consumer_products,Unnamed
342,4a25371b85.jpg,consumer_products,Unnamed
343,4a2dffd315.jpg,consumer_products,Unnamed
344,4a2fcf1aa9.jpg,consumer_products,Unnamed
345,4a5e301408.jpg,consumer_products,Unnamed
346,4a5eb9e0ef.jpg,consumer_products,Unnamed
347,4a70cd5b2a.jpg,consumer_products,Unnamed
348,4a7f48a7d6.jpg,consumer_products,O80aaaaQoe
349,4ab609cdfa.jpg,consumer_products,Unnamed
350,4acaeeeeba.jpg,consumer_products,Unnamed
351,4af37401fe.jpg,consumer_products,Unnamed
352,4b117d9323.jpg,consumer_products,Unnamed
353,4b3530d066.jpg,consumer_products,eSweweoaoe
354,4b826bfa7a.jpg,consumer_products,Unnamed
355,4bbd9f6571.jpg,consumer_products,Unnamed
356,4bc250bac9.jpg,consumer_products,Unnamed
357,4c64f4a62f.jpg,consumer_products,a4
358,4c81620c50.jpg,consumer_products,Unnamed
359,4c86b09fcc.jpg,consumer_products,Unnamed
360,4cbb6ebf6c.jpg,consumer_products,Unnamed
361,4d0ea7c9d6.jpg,consumer_products,Unnamed
362,4d401bc4ca.jpg,consumer_products,Unnamed
363,4d70b51bec.jpg,consumer_products,Unnamed
364,4da80460c6.jpg,consumer_products,Unnamed
365,4e82d8cfa6.jpg,consumer_products,Unnamed
366,4e8b4c4dda.jpg,consumer_products,Unnamed
367,4ebd96da1f.jpg,consumer_products,statoUnder68
368,4ee4d19787.jpg,consumer_products,Unnamed
369,4f36874a75.jpg,consumer_products,Unnamed
370,4f387c4fed.jpg,consumer_products,Balaa
371,4fa7ca0417.jpg,consumer_products,Unnamed
372,500aa4514f.jpg,consumer_products,Unnamed
373,5022a4ce6d.jpg,consumer_products,Unnamed
374,504303cacc.jpg,consumer_products,Unnamed
375,506642503d.jpg,consumer_products,Unnamed
376,509273343e.jpg,consumer_products,StegUnder
377,50a37c55bb.jpg,consumer_products,Unnamed
378,50bc66765b.jpg,consumer_products,Unnamed
379,50c601121f.jpg,consumer_products,oP
380,5145a2735d.jpg,consumer_products,Unnamed
381,516ac14205.jpg,consumer_products,Unnamed
382,519e9a7a16.jpg,consumer_products,Unnamed
383,51c7d0a8bd.jpg,consumer_products,iva
384,51ee92b239.jpg,consumer_products,Unnamed
385,51f8c3cfbe.jpg,consumer_products,we
386,5262b696a6.jpg,consumer_products,aed
387,52f06722cb.jpg,consumer_products,Unnamed
388,533c786e32.jpg,consumer_products,Unnamed
389,5352bbc489.jpg,consumer_products,Nie
390,5379838a96.jpg,consumer_products,Unnamed
391,53975ba508.jpg,consumer_products,aN
392,545c6e0d72.jpg,consumer_products,oyal
393,5464645759.jpg,consumer_products,Unnamed
394,5485284cd8.jpg,consumer_products,Unnamed
395,54883fafac.jpg,consumer_products,eoPaintingfinontoywheels
396,54981e06f7.jpg,consumer_products,Unnamed
397,549a4a58e9.jpg,consumer_products,Unnamed
398,549d66fff2.jpg,consumer_products,Unnamed
399,54ba0b0e65.jpg,consumer_products,Unnamed
400,553a249ee7.jpg,consumer_products,Unnamed
401,5540efd488.jpg,consumer_products,Unnamed
402,55470ad509.jpg,consumer_products,Unnamed
403,5558cef3cb.jpg,consumer_products,Unnamed
404,55717b49e0.jpg,consumer_products,3
405,5595fdf867.jpg,consumer_products,Unnamed
406,559c57f7e3.jpg,consumer_products,doteeetnI
407,55ca2651ae.jpg,consumer_products,Unnamed
408,560192068e.jpg,consumer_products,Unnamed
409,5644e4592f.jpg,consumer_products,Unnamed
410,569658004a.jpg,consumer_products,Unnamed
411,5696a8c633.jpg,consumer_products,fe
412,56dbc88d93.jpg,consumer_products,Unnamed
413,56f57e266d.jpg,consumer_products,Unnamed
414,5739f2ddc7.jpg,consumer_products,EEE
415,58b6fa342e.jpg,consumer_products,wD
416,58e301c546.jpg,consumer_products,Unnamed
417,58e6acec9b.jpg,consumer_products,Unnamed
418,58ed2b0ef0.jpg,consumer_products,al
419,59345377d6.jpg,consumer_products,deteAri
420,5948642a76.jpg,consumer_products,Unnamed
421,59a3a5519a.jpg,consumer_products,Unnamed
422,59edfbde48.jpg,consumer_products,Unnamed
423,5a1d407e90.jpg,consumer_products,Unnamed
424,5a32d5cf01.jpg,consumer_products,Unnamed
425,5ab78972c0.jpg,consumer_products,a49oNe3
426,5af58f74fb.jpg,consumer_products,Unnamed
427,5af7d6af05.jpg,consumer_products,niin2
428,5b0abfff44.jpg,consumer_products,Unnamed
429,5b33ff19f5.jpg,consumer_products,Unnamed
430,5b3b2f4546.jpg,consumer_products,Unnamed
431,5b6ac9206c.jpg,consumer_products,Unnamed
432,5b6e27616a.jpg,consumer_products,Unnamed
433,5b7e0d260b.jpg,consumer_products,Unnamed
434,5bae990937.jpg,consumer_products,Unnamed
435,5c1f0be9fe.jpg,consumer_products,Unnamed
436,5ca33e2303.jpg,consumer_products,Unnamed
437,5cc5c14214.jpg,consumer_products,IGOPGGSFFFs
438,5ccf35c47f.jpg,consumer_products,Unnamed
439,5d12cf14c3.jpg,consumer_products,Unnamed
440,5d36e8a02d.jpg,consumer_products,Unnamed
441,5d6f827909.jpg,consumer_products,Unnamed
442,5dca6aa650.jpg,consumer_products,Unnamed
443,5de68ad0e3.jpg,consumer_products,Unnamed
444,5e9ba22c8f.jpg,consumer_products,OI
445,5ec5fd355a.jpg,consumer_products,Unnamed
446,5ec694a39b.jpg,consumer_products,Unnamed
447,5ecbd36efe.jpg,consumer_products,Unnamed
448,5edbefb2ee.jpg,consumer_products,Unnamed
449,5ee3bb2495.jpg,consumer_products,Unnamed
450,5ee5b9a327.jpg,consumer_products,é3
451,600bfc0f0a.jpg,consumer_products,Unnamed
452,604313b75b.jpg,consumer_products,Unnamed
453,60626aa0d4.jpg,consumer_products,Unnamed
454,6078b72022.jpg,consumer_products,Unnamed
455,60a0d36105.jpg,consumer_products,eSSS
456,60f37bf967.jpg,consumer_products,SSweweoeoa
457,612b378195.jpg,consumer_products,Unnamed
458,618760c1e8.jpg,consumer_products,Unnamed
459,61e537777f.jpg,consumer_products,Unnamed
460,61e9e68a05.jpg,consumer_products,Unnamed
461,624a1bd5f9.jpg,consumer_products,Unnamed
462,6273c0971f.jpg,consumer_products,Unnamed
463,63a3ab1e70.jpg,consumer_products,foe
464,63e6bf77ef.jpg,consumer_products,Unnamed
465,641e242453.jpg,consumer_products,Unnamed
466,643cea4158.jpg,consumer_products,Unnamed
467,648ae17f09.jpg,consumer_products,Unnamed
468,650318524d.jpg,consumer_products,Unnamed
469,65073a4acf.jpg,consumer_products,Unnamed
470,65611294a0.jpg,consumer_products,Unnamed
471,6572eec1e1.jpg,consumer_products,Unnamed
472,65e5292a82.jpg,consumer_products,Unnamed
473,6609a84eec.jpg,consumer_products,Hya0AMH5iid
474,665987478a.jpg,consumer_products,ig
475,66c710ba7a.jpg,consumer_products,Unnamed
476,66e19c2279.jpg,consumer_products,Unnamed
477,66fdb64235.jpg,consumer_products,Unnamed
478,6761d415e4.jpg,consumer_products,Unnamed
479,6835b27a13.jpg,consumer_products,Unnamed
480,6841b43c9a.jpg,consumer_products,Unnamed
481,68f4aaae5d.jpg,consumer_products,Unnamed
482,693fc1dd2b.jpg,consumer_products,Unnamed
483,694c4321b6.jpg,consumer_products,os
484,694d0bfc2d.jpg,consumer_products,Unnamed
485,69aff4db2a.jpg,consumer_products,Unnamed
486,69f4c6e98c.jpg,consumer_products,Unnamed
487,6a52bd010b.jpg,consumer_products,Unnamed
488,6a76d8b93a.jpg,consumer_products,Unnamed
489,6a83b30bcd.jpg,consumer_products,Unnamed
490,6af0ae154d.jpg,consumer_products,Unnamed
491,6b204368f7.jpg,consumer_products,Unnamed
492,6baee62da9.jpg,consumer_products,Unnamed
493,6bd24543ba.jpg,consumer_products,Unnamed
494,6c6c933fd5.jpg,consumer_products,Foereeave
495,6c8c87cc7b.jpg,consumer_products,Unnamed
496,6c9754d63f.jpg,consumer_products,Unnamed
497,6ce4af2188.jpg,consumer_products,Unnamed
498,6d12849c4f.jpg,consumer_products,esdatta
499,6d2ae0ca3e.jpg,consumer_products,Unnamed
500,6d69cdf680.jpg,consumer_products,GodS
501,6ddd641d67.jpg,consumer_products,Unnamed
502,6e46ecd03b.jpg,consumer_products,Unnamed
503,6e70583418.jpg,consumer_products,HIKE
504,6eab8055bd.jpg,consumer_products,Unnamed
505,6eb7593e71.jpg,consumer_products,Unnamed
506,6ee82bead8.jpg,consumer_products,Unnamed
507,6f92a507a6.jpg,consumer_products,Unnamed
508,6fb0f00e16.jpg,consumer_products,Unnamed
509,6fc905989a.jpg,consumer_products,Unnamed
510,6ff13105f3.jpg,consumer_products,Unnamed
511,706f9c5d22.jpg,consumer_products,Unnamed
512,70b39beaab.jpg,consumer_products,Unnamed
513,70d9965ace.jpg,consumer_products,Unnamed
514,7137b9dc4a.jpg,consumer_products,Unnamed
515,71839c6655.jpg,consumer_products,Unnamed
516,7210cf3a92.jpg,consumer_products,Unnamed
517,726f3df966.jpg,consumer_products,if
518,72afc56263.jpg,consumer_products,MeeiNigyyR
519,72c9f171b5.jpg,consumer_products,Unnamed
520,730176766c.jpg,consumer_products,Unnamed
521,732a0059e5.jpg,consumer_products,Unnamed
522,7371038122.jpg,consumer_products,Unnamed
523,73c5fe379b.jpg,consumer_products,ISAYSornsBOTTLES
524,7425e9f373.jpg,consumer_products,Unnamed
525,74357e43ea.jpg,consumer_products,Unnamed
526,74a8849c0e.jpg,consumer_products,Bs
527,74b43f3057.jpg,consumer_products,Unnamed
528,74d14b16c5.jpg,consumer_products,Unnamed
529,75943c706f.jpg,consumer_products,Unnamed
530,75d6f5ab9d.jpg,consumer_products,Unnamed
531,75fa04349a.jpg,consumer_products,Unnamed
532,76116c50d3.jpg,consumer_products,Unnamed
533,76381c2edf.jpg,consumer_products,Unnamed
534,763aa80546.jpg,consumer_products,Unnamed
535,764a21445c.jpg,consumer_products,Unnamed
536,765512a0ee.jpg,consumer_products,Unnamed
537,770a1183ce.jpg,consumer_products,Unnamed
538,7736773c62.jpg,consumer_products,Unnamed
539,77ab40af95.jpg,consumer_products,Unnamed
540,7818c8c799.jpg,consumer_products,Unnamed
541,7852900361.jpg,consumer_products,Unnamed
542,787e1a1ad0.jpg,consumer_products,a
543,7916f04cf6.jpg,consumer_products,ees
544,79e8392a5a.jpg,consumer_products,Unnamed
545,79f7832e40.jpg,consumer_products,Unnamed
546,79fddd25a6.jpg,consumer_products,Unnamed
547,7a6252e1eb.jpg,consumer_products,saeats
548,7a973abab4.jpg,consumer_products,BASS
549,7ab91de1fb.jpg,consumer_products,Unnamed
550,7abb06d257.jpg,consumer_products,osoI
551,7ae9a1fab9.jpg,consumer_products,Unnamed
552,7b08005e1b.jpg,consumer_products,Unnamed
553,7b60ec1c27.jpg,consumer_products,Unnamed
554,7b6b2167e9.jpg,consumer_products,Unnamed
555,7bef3a6972.jpg,consumer_products,aaeBAB
556,7bf259e587.jpg,consumer_products,a
557,7bfb3e58e1.jpg,consumer_products,Unnamed
558,7c991781c5.jpg,consumer_products,Unnamed
559,7cddbcdebc.jpg,consumer_products,Unnamed
560,7cf68f7f7e.jpg,consumer_products,Unnamed
561,7cf88a8a9c.jpg,consumer_products,qaohfe
562,7d1fa3fae4.jpg,consumer_products,Unnamed
563,7d6f664952.jpg,consumer_products,ass
564,7dc2e40986.jpg,consumer_products,Unnamed
565,7dc30713a7.jpg,consumer_products,Unnamed
566,7df15294d7.jpg,consumer_products,Unnamed
567,7e0a4a2c3a.jpg,consumer_products,Unnamed
568,7e104030c3.jpg,consumer_products,Unnamed
569,7e8f3e79c0.jpg,consumer_products,Unnamed
570,7f32118e17.jpg,consumer_products,Unnamed
571,7f3ec046d3.jpg,consumer_products,Unnamed
572,7f9efa5132.jpg,consumer_products,Unnamed
573,7fa0d50fb3.jpg,consumer_products,Unnamed
574,803cf3055e.jpg,consumer_products,Unnamed
575,8085095440.jpg,consumer_products,Unnamed
576,809dd92617.jpg,consumer_products,Unnamed
577,8106e3519b.jpg,consumer_products,SeseneheRe
578,81307d01f5.jpg,consumer_products,Unnamed
579,81358fabcf.jpg,consumer_products,Unnamed
580,8157db8b1c.jpg,consumer_products,Unnamed
581,8169b81db5.jpg,consumer_products,Unnamed
582,8206078dea.jpg,consumer_products,Unnamed
583,8243cecca4.jpg,consumer_products,Unnamed
584,8252574f1e.jpg,consumer_products,Unnamed
585,826421780e.jpg,consumer_products,Unnamed
586,826f8e86bd.jpg,consumer_products,Unnamed
587,827c1bf931.jpg,toys,Unnamed
588,828f7782a6.jpg,consumer_products,Unnamed
589,82af2b1cbb.jpg,consumer_products,ueyfaNae
590,82fd7a1d56.jpg,consumer_products,ms
591,832991447c.jpg,consumer_products,Unnamed
592,833675339b.jpg,consumer_products,pee
593,836ba3e359.jpg,consumer_products,Unnamed
594,83824da9e0.jpg,consumer_products,eetqAéoyBy
595,8383964b23.jpg,consumer_products,Unnamed
596,83916005d5.jpg,consumer_products,Unnamed
597,83968aae48.jpg,consumer_products,Unnamed
598,83a936b81e.jpg,consumer_products,Unnamed
599,83dd43656a.jpg,consumer_products,Unnamed
600,83e1b03322.jpg,consumer_products,Unnamed
601,8413676bf7.jpg,consumer_products,nigChlhigh
602,84235c3c1e.jpg,consumer_products,Unnamed
603,8466f835fa.jpg,consumer_products,Unnamed
604,847780bfe1.jpg,consumer_products,OowealaeEBaw
605,847ff8412c.jpg,consumer_products,Unnamed
606,848a093f1c.jpg,consumer_products,aweQe
607,85491c0ddb.jpg,consumer_products,Unnamed
608,8552eb7080.jpg,consumer_products,Unnamed
609,8567df7ea0.jpg,consumer_products,Unnamed
610,8584319613.jpg,consumer_products,i8yrttuntqattyreyedia4ection
611,8588ce1ec2.jpg,consumer_products,Unnamed
612,859f6263ea.jpg,consumer_products,Unnamed
613,85f15dd784.jpg,consumer_products,Unnamed
614,8624657723.jpg,consumer_products,Unnamed
615,866077e369.jpg,consumer_products,LIoh
616,866e03ed7c.jpg,consumer_products,Unnamed
617,86fe07c7fe.jpg,consumer_products,Unnamed
618,879c94eccd.jpg,consumer_products,aes
619,87b61de46d.jpg,consumer_products,Unnamed
620,87d9aa0a3e.jpg,consumer_products,aahRe
621,88101b732f.jpg,consumer_products,Unnamed
622,8827a8990c.jpg,consumer_products,Unnamed
623,8833a93daa.jpg,consumer_products,Unnamed
624,887081ffb7.jpg,consumer_products,Unnamed
625,888f5ac29f.jpg,consumer_products,awe
626,88cb32de04.jpg,consumer_products,Fog
627,89b94f6762.jpg,consumer_products,ab
628,8a23e93362.jpg,consumer_products,Unnamed
629,8a46353bc7.jpg,consumer_products,we
630,8a6ccd3756.jpg,consumer_products,Unnamed
631,8a6cfaae96.jpg,consumer_products,Unnamed
632,8b8720e1ee.jpg,consumer_products,Unnamed
633,8cca8d17f3.jpg,consumer_products,Unnamed
634,8cd0b7647e.jpg,consumer_products,Unnamed
635,8dcb7c3217.jpg,consumer_products,Unnamed
636,8def49bd8f.jpg,consumer_products,Unnamed
637,8e062f0606.jpg,consumer_products,Unnamed
638,8e5e2ff54a.jpg,consumer_products,EE
639,8ede6ecad3.jpg,consumer_products,Unnamed
640,8ee4ce45ed.jpg,consumer_products,airee
641,8f08c162e5.jpg,consumer_products,Unnamed
642,8f1deb0644.jpg,consumer_products,Unnamed
643,8f419f57c4.jpg,consumer_products,Unnamed
644,8f85c2970a.jpg,consumer_products,Unnamed
645,8f860a55d9.jpg,consumer_products,7
646,8f9fea2c96.jpg,consumer_products,Unnamed
647,901d3d5ce2.jpg,consumer_products,aesioante7
648,90530aecaa.jpg,consumer_products,Unnamed
649,905ee476a5.jpg,consumer_products,Je
650,90bcc5a8b0.jpg,consumer_products,Unnamed
651,91304372f9.jpg,consumer_products,Unnamed
652,914acb10e0.jpg,consumer_products,co
653,917d1b61e2.jpg,consumer_products,Unnamed
654,91cf837179.jpg,consumer_products,Unnamed
655,92010f3812.jpg,consumer_products,Unnamed
656,920e2d196b.jpg,consumer_products,Unnamed
657,922916026b.jpg,consumer_products,Unnamed
658,923f340d2d.jpg,consumer_products,Unnamed
659,92a9ffc457.jpg,consumer_products,Unnamed
660,92ea968c6f.jpg,consumer_products,Unnamed
661,9342b213a7.jpg,consumer_products,Unnamed
662,93444caa74.jpg,consumer_products,Unnamed
663,935b6d30fb.jpg,toys,Unnamed
664,937bb9fe35.jpg,consumer_products,Unnamed
665,938bd6a9cc.jpg,consumer_products,Unnamed
666,93a6fd707b.jpg,consumer_products,Unnamed
667,943818375f.jpg,consumer_products,Unnamed
668,9475717790.jpg,consumer_products,Unnamed
669,9488eebb2c.jpg,consumer_products,Unnamed
670,948f61a77e.jpg,consumer_products,Unnamed
671,9493f60983.jpg,consumer_products,Unnamed
672,949684f657.jpg,consumer_products,Unnamed
673,94e41a79c3.jpg,consumer_products,Unnamed
674,95c27cfb35.jpg,consumer_products,Unnamed
675,9618e931db.jpg,consumer_products,Unnamed
676,96b68e4b5c.jpg,consumer_products,Unnamed
677,96f6bebc92.jpg,consumer_products,awn
678,9710f65978.jpg,consumer_products,Unnamed
679,979fc31d0e.jpg,consumer_products,Unnamed
680,97b2f43136.jpg,consumer_products,ve
681,97b4e478cd.jpg,consumer_products,Unnamed
682,9858dcb64b.jpg,consumer_products,i
683,988064e92d.jpg,consumer_products,Unnamed
684,98dc3701a4.jpg,consumer_products,Unnamed
685,98e20c8c1b.jpg,consumer_products,Ce
686,98f77b8e95.jpg,consumer_products,ocr
687,9964e56561.jpg,consumer_products,oat98
688,997ee4ffc9.jpg,consumer_products,Bebe
689,998d55d3fd.jpg,consumer_products,Unnamed
690,99e0b53963.jpg,consumer_products,Unnamed
691,9a5f626abb.jpg,consumer_products,Unnamed
692,9a6cd2fc03.jpg,consumer_products,Unnamed
693,9a77114398.jpg,consumer_products,Unnamed
694,9ae4422870.jpg,toys,TOcpadanaalakd8oeFe
695,9aeedc9ff9.jpg,consumer_products,Unnamed
696,9b92699285.jpg,consumer_products,Unnamed
697,9be3137577.jpg,consumer_products,Bes
698,9c18358900.jpg,consumer_products,Unnamed
699,9c380866ad.jpg,consumer_products,Unnamed
700,9c3963e025.jpg,consumer_products,Unnamed
701,9c4255819c.jpg,consumer_products,Unnamed
702,9c46a006dd.jpg,consumer_products,OyaeoeiSibFiEe
703,9c95679307.jpg,consumer_products,Unnamed
704,9ca6e4c578.jpg,consumer_products,Unnamed
705,9cd4db7b80.jpg,consumer_products,Unnamed
706,9d0f7eff42.jpg,consumer_products,Unnamed
707,9d17f7f72f.jpg,consumer_products,Unnamed
708,9d56872a2e.jpg,consumer_products,Unnamed
709,9d8c76c8c6.jpg,consumer_products,Unnamed
710,9dd6db5b67.jpg,consumer_products,Unnamed
711,9dd9c606f6.jpg,consumer_products,Unnamed
712,9de9483f9a.jpg,consumer_products,Unnamed
713,9e6440f2c1.jpg,consumer_products,Unnamed
714,9eb2521664.jpg,consumer_products,Unnamed
715,9ec0eaabb0.jpg,consumer_products,Unnamed
716,9ec7ecd864.jpg,consumer_products,Unnamed
717,9f690c851f.jpg,consumer_products,Unnamed
718,9f73fd6b2a.jpg,toys,Unnamed
719,9faa70875c.jpg,consumer_products,Unnamed
720,a02c32730e.jpg,consumer_products,Unnamed
721,a03bbf1dff.jpg,consumer_products,Unnamed
722,a0a15607b1.jpg,consumer_products,Unnamed
723,a0d4492425.jpg,consumer_products,Unnamed
724,a108876aaa.jpg,consumer_products,Unnamed
725,a1115184db.jpg,consumer_products,PaUGWd
726,a142691188.jpg,consumer_products,Unnamed
727,a1732feca5.jpg,consumer_products,Unnamed
728,a1cbc97b9e.jpg,consumer_products,Unnamed
729,a20b96afc7.jpg,consumer_products,Unnamed
730,a21cafb7cf.jpg,consumer_products,Unnamed
731,a25af4c544.jpg,consumer_products,Unnamed
732,a28b0692eb.jpg,consumer_products,ey
733,a2e0a46ce7.jpg,consumer_products,Unnamed
734,a3433ad582.jpg,consumer_products,Hi
735,a35c230ea6.jpg,consumer_products,Unnamed
736,a36c4bda06.jpg,consumer_products,Unnamed
737,a3ea558ed7.jpg,consumer_products,Unnamed
738,a42d066abb.jpg,consumer_products,Unnamed
739,a4501d4005.jpg,consumer_products,Unnamed
740,a46b953907.jpg,consumer_products,Unnamed
741,a4e4058714.jpg,consumer_products,ay
742,a4eadbf226.jpg,consumer_products,BNey
743,a5dd04cc61.jpg,consumer_products,Unnamed
744,a60b7689f5.jpg,consumer_products,Unnamed
745,a6115391c1.jpg,consumer_products,Unnamed
746,a6e7a450ff.jpg,consumer_products,4
747,a7509482a7.jpg,consumer_products,Unnamed
748,a78043a04e.jpg,consumer_products,Unnamed
749,a780fbbce6.jpg,consumer_products,Unnamed
750,a78919bcee.jpg,consumer_products,Unnamed
751,a791f4a20b.jpg,consumer_products,Unnamed
752,a7a1b16aca.jpg,consumer_products,Unnamed
753,a7cefb86b9.jpg,consumer_products,Unnamed
754,a7d9fde9e2.jpg,consumer_products,Unnamed
755,a86140c75e.jpg,consumer_products,Unnamed
756,a8ef96e904.jpg,consumer_products,Unnamed
757,a8f1c01ffa.jpg,consumer_products,Unnamed
758,a91ea01df6.jpg,consumer_products,Unnamed
759,a98adf4f84.jpg,consumer_products,Unnamed
760,a9a241c246.jpg,consumer_products,HIOBESTSAEBABYSKINCAREBRANDSmazil
761,a9d3ed46d5.jpg,consumer_products,Unnamed
762,a9db36364d.jpg,consumer_products,Unnamed
763,aa4f85c345.jpg,consumer_products,wees
764,aa6cc917fe.jpg,consumer_products,Unnamed
765,ab02202d26.jpg,consumer_products,ae
766,ab1429859e.jpg,consumer_products,Unnamed
767,ab3d56d90f.jpg,consumer_products,Unnamed
768,ab4907c89d.jpg,consumer_products,Unnamed
769,abe4e7461c.jpg,consumer_products,Unnamed
770,ac19621401.jpg,consumer_products,Unnamed
771,ac30d1fee6.jpg,consumer_products,Unnamed
772,acbc8f14ff.jpg,consumer_products,Unnamed
773,acd709d96b.jpg,consumer_products,Unnamed
774,ad45cf0240.jpg,consumer_products,Unnamed
775,ad49206acc.jpg,consumer_products,Unnamed
776,ad69a79eed.jpg,consumer_products,Unnamed
777,ae20dd77ca.jpg,consumer_products,Unnamed
778,ae432ff125.jpg,consumer_products,Unnamed
779,aebeafa0f5.jpg,consumer_products,Unnamed
780,af2b0da42c.jpg,consumer_products,Unnamed
781,af8b73d900.jpg,consumer_products,siiCrmunca
782,afa56aadf8.jpg,consumer_products,Unnamed
783,afa895ce91.jpg,consumer_products,Unnamed
784,afb082ebd5.jpg,consumer_products,Unnamed
785,b001f45857.jpg,consumer_products,ayy
786,b0097c6d33.jpg,consumer_products,Unnamed
787,b013b87b6b.jpg,consumer_products,Unnamed
788,b020e04fcb.jpg,consumer_products,ald
789,b022cf6853.jpg,consumer_products,blotpeaqe
790,b05c55027b.jpg,consumer_products,Unnamed
791,b079253723.jpg,consumer_products,04
792,b09f98cd78.jpg,consumer_products,Unnamed
793,b0ba06e2f5.jpg,consumer_products,Unnamed
794,b0d3d77893.jpg,consumer_products,Unnamed
795,b14bf5f922.jpg,consumer_products,Unnamed
796,b156744011.jpg,consumer_products,akon
797,b15f8495bc.jpg,consumer_products,Unnamed
798,b18f6eaf05.jpg,consumer_products,Unnamed
799,b19940ef04.jpg,consumer_products,Unnamed
800,b22da51e75.jpg,consumer_products,Unnamed
801,b24f5acb16.jpg,consumer_products,Unnamed
802,b286162909.jpg,consumer_products,Unnamed
803,b29fea809d.jpg,consumer_products,Unnamed
804,b31d107a1d.jpg,consumer_products,a
805,b3f9ff1d8b.jpg,consumer_products,aySy
806,b4796b0200.jpg,consumer_products,of
807,b4c04c182c.jpg,consumer_products,Unnamed
808,b4d7ef9505.jpg,consumer_products,Unnamed
809,b4d8d362db.jpg,consumer_products,Unnamed
810,b5353b32bc.jpg,consumer_products,Unnamed
811,b54da8f94c.jpg,consumer_products,erg2Or
812,b59a49afa7.jpg,consumer_products,Unnamed
813,b5eabaa514.jpg,consumer_products,Unnamed
814,b5febe586b.jpg,consumer_products,Unnamed
815,b60ac46697.jpg,consumer_products,Unnamed
816,b61bf2a5d3.jpg,consumer_products,Unnamed
817,b63123fc9f.jpg,consumer_products,Unnamed
818,b63a279ba3.jpg,consumer_products,Unnamed
819,b65e93740c.jpg,consumer_products,Unnamed
820,b66b615d52.jpg,consumer_products,Phe
821,b67bbcc0c8.jpg,consumer_products,Unnamed
822,b6a67c6d11.jpg,consumer_products,Unnamed
823,b6e788f4df.jpg,consumer_products,Unnamed
824,b71907d66a.jpg,consumer_products,SB
825,b774167cce.jpg,consumer_products,Unnamed
826,b77aa418a5.jpg,consumer_products,Unnamed
827,b7c8930564.jpg,consumer_products,Unnamed
828,b7fb94eec5.jpg,consumer_products,Unnamed
829,b82521286d.jpg,consumer_products,on
830,b84eef9130.jpg,consumer_products,Unnamed
831,b8718f6c35.jpg,consumer_products,Unnamed
832,b878497389.jpg,consumer_products,Unnamed
833,b8867c8e1d.jpg,consumer_products,Unnamed
834,b8a2e80c81.jpg,consumer_products,Unnamed
835,b974092dc8.jpg,consumer_products,Unnamed
836,b9d4b58ffe.jpg,consumer_products,Unnamed
837,ba0fde9b17.jpg,consumer_products,bade
838,ba5aace52c.jpg,consumer_products,Unnamed
839,bb0967c18d.jpg,consumer_products,Unnamed
840,bb61eb02bd.jpg,consumer_products,Unnamed
841,bb78da63d0.jpg,consumer_products,Unnamed
842,bc0e3d8030.jpg,consumer_products,esets
843,bc3ea85a33.jpg,consumer_products,Unnamed
844,bc410f51fe.jpg,consumer_products,Unnamed
845,bc4c7bbb8e.jpg,consumer_products,Unnamed
846,bcabc6c159.jpg,consumer_products,Unnamed
847,bcdcf2531b.jpg,consumer_products,Unnamed
848,bce7d33cd9.jpg,consumer_products,Unnamed
849,bd02cf2a3b.jpg,consumer_products,Unnamed
850,bd2cd06413.jpg,consumer_products,Unnamed
851,bd75062992.jpg,toys,Unnamed
852,bd99561385.jpg,consumer_products,i
853,be2f3f0929.jpg,consumer_products,Unnamed
854,be4108576f.jpg,consumer_products,Unnamed
855,be5844a8f0.jpg,consumer_products,a
856,be9d23ea69.jpg,consumer_products,Unnamed
857,bee7c835ed.jpg,consumer_products,Unnamed
858,bf07930949.jpg,consumer_products,Unnamed
859,bf3dcec371.jpg,consumer_products,Unnamed
860,bf4b477f9d.jpg,consumer_products,26
861,bfc2e93658.jpg,consumer_products,Unnamed
862,bfcf9d61ed.jpg,consumer_products,Unnamed
863,bfebfa04c8.jpg,consumer_products,Unnamed
864,c0348bd355.jpg,consumer_products,Unnamed
865,c090a44987.jpg,consumer_products,Unnamed
866,c0be1b2a71.jpg,consumer_products,Unnamed
867,c0e350d29c.jpg,consumer_products,Unnamed
868,c13187cfdc.jpg,consumer_products,Unnamed
869,c188fe1441.jpg,consumer_products,Unnamed
870,c19c36302f.jpg,consumer_products,Unnamed
871,c263cb78ca.jpg,consumer_products,Unnamed
872,c2fa5d3e24.jpg,consumer_products,Unnamed
873,c35189cf3a.jpg,consumer_products,Unnamed
874,c36a867f7d.jpg,consumer_products,Unnamed
875,c3968186d6.jpg,consumer_products,Unnamed
876,c3a10e665f.jpg,consumer_products,Unnamed
877,c3e15fa9be.jpg,consumer_products,Unnamed
878,c3f59c0657.jpg,consumer_products,Unnamed
879,c4183fc364.jpg,consumer_products,Unnamed
880,c44edff1ac.jpg,consumer_products,Unnamed
881,c4e391c4de.jpg,consumer_products,Unnamed
882,c4e61d99a4.jpg,consumer_products,Pe
883,c53f2a0fa8.jpg,consumer_products,Unnamed
884,c568f71b04.jpg,consumer_products,Unnamed
885,c56d8724f2.jpg,consumer_products,Unnamed
886,c5f579a9c5.jpg,consumer_products,Unnamed
887,c60d4236d3.jpg,consumer_products,as8ve
888,c6296899c9.jpg,consumer_products,Unnamed
889,c70778ca6c.jpg,consumer_products,Unnamed
890,c7192343e3.jpg,consumer_products,Unnamed
891,c720597f4d.jpg,consumer_products,Unnamed
892,c724d93fe8.jpg,consumer_products,osar
893,c7680e6551.jpg,consumer_products,Unnamed
894,c7b766f62d.jpg,consumer_products,Unnamed
895,c7c9ba18df.jpg,consumer_products,Unnamed
896,c82412e709.jpg,consumer_products,Unnamed
897,c8332530f5.jpg,consumer_products,Unnamed
898,c8701ce6b6.jpg,consumer_products,Unnamed
899,c87be33ce6.jpg,consumer_products,Unnamed
900,c8f69d11f3.jpg,consumer_products,wip
901,c9476867d3.jpg,consumer_products,Unnamed
902,c95ebc3905.jpg,consumer_products,Unnamed
903,c9afc8aa61.jpg,consumer_products,Unnamed
904,ca00f65c7e.jpg,consumer_products,Unnamed
905,ca191e6b3b.jpg,consumer_products,aa
906,ca854e245f.jpg,consumer_products,Unnamed
907,cab5b43c81.jpg,consumer_products,Unnamed
908,cacc609f3e.jpg,consumer_products,IPOGPS
909,cb385834c8.jpg,toys,43
910,cb870db7d3.jpg,consumer_products,Unnamed
911,cb90c2dfe5.jpg,consumer_products,Unnamed
912,cbae81aab4.jpg,consumer_products,Unnamed
913,cbb139a072.jpg,consumer_products,Unnamed
914,cbe2de4f9a.jpg,consumer_products,Unnamed
915,cc113c91e1.jpg,consumer_products,Unnamed
916,cc1bdf03b6.jpg,consumer_products,Unnamed
917,cc5056d9fa.jpg,consumer_products,Unnamed
918,cc66fd579a.jpg,consumer_products,Unnamed
919,ccacc7cc6d.jpg,consumer_products,Unnamed
920,ccb26fce4f.jpg,consumer_products,Unnamed
921,cccbb828ad.jpg,consumer_products,Unnamed
922,ccf539d7b0.jpg,consumer_products,Unnamed
923,cdf531958a.jpg,consumer_products,Unnamed
924,cdfde4ab9c.jpg,consumer_products,Unnamed
925,ce0f89d088.jpg,consumer_products,Unnamed
926,ce10bfeeb7.jpg,consumer_products,Unnamed
927,ce31d3f151.jpg,consumer_products,Unnamed
928,ce832631e8.jpg,consumer_products,f
929,ced618b6f8.jpg,consumer_products,Unnamed
930,cefe4556a9.jpg,consumer_products,Unnamed
931,cf05b89e4e.jpg,consumer_products,353
932,cf0f463865.jpg,consumer_products,Unnamed
933,cf38dab4f7.jpg,consumer_products,Unnamed
934,d0540e0854.jpg,consumer_products,Palinsesihahvn
935,d05e90d20d.jpg,consumer_products,asve
936,d08309b999.jpg,consumer_products,Unnamed
937,d08ce2aa5f.jpg,consumer_products,Se
938,d09e9e22a2.jpg,consumer_products,Unnamed
939,d0a53a0244.jpg,consumer_products,Unnamed
940,d0e53a897d.jpg,consumer_products,QUFTONRLOFFpresse
941,d0e591db54.jpg,consumer_products,Unnamed
942,d11dab8a74.jpg,consumer_products,Unnamed
943,d168c538b4.jpg,consumer_products,Unnamed
944,d209e71570.jpg,consumer_products,Unnamed
945,d2c2a765f3.jpg,consumer_products,Unnamed
946,d2d7181333.jpg,consumer_products,Unnamed
947,d33d7baaa5.jpg,consumer_products,Unnamed
948,d38a6089b9.jpg,consumer_products,Unnamed
949,d3b8544e0f.jpg,consumer_products,Unnamed
950,d3e412a1ae.jpg,consumer_products,Unnamed
951,d40a6a5073.jpg,consumer_products,PB
952,d44a52ef0a.jpg,consumer_products,Unnamed
953,d462bf187e.jpg,consumer_products,Unnamed
954,d54f6e7db0.jpg,consumer_products,Unnamed
955,d554445758.jpg,consumer_products,Unnamed
956,d56369507d.jpg,consumer_products,Unnamed
957,d5cf5a3d88.jpg,consumer_products,Unnamed
958,d5dfba60cb.jpg,consumer_products,Unnamed
959,d5e8cb7c4f.jpg,consumer_products,Unnamed
960,d5f233fcf9.jpg,consumer_products,Unnamed
961,d5f30088f8.jpg,consumer_products,Unnamed
962,d60d212446.jpg,consumer_products,Unnamed
963,d61c891715.jpg,consumer_products,Unnamed
964,d61d74493e.jpg,consumer_products,Unnamed
965,d69db0119b.jpg,consumer_products,isHie5SORoSBeetsaSisheBGBBoOBSetsaSeFateiefive
966,d6fa7a4207.jpg,consumer_products,lactaly
967,d70ee88657.jpg,consumer_products,Unnamed
968,d76faff614.jpg,consumer_products,Bis
969,d798005676.jpg,consumer_products,Unnamed
970,d7c2623d7b.jpg,consumer_products,Unnamed
971,d7f7909ee3.jpg,consumer_products,feaitia3
972,d80207b5eb.jpg,consumer_products,Unnamed
973,d84cfe9af4.jpg,consumer_products,Unnamed
974,d88facdd2e.jpg,consumer_products,Unnamed
975,d8a1e1c22e.jpg,consumer_products,Unnamed
976,d8bd24ac74.jpg,consumer_products,Unnamed
977,d8fce29fc2.jpg,consumer_products,Unnamed
978,d8fd84d5f9.jpg,consumer_products,Unnamed
979,d95e392fc2.jpg,consumer_products,Unnamed
980,d988533c8a.jpg,consumer_products,Unnamed
981,d9d3e36951.jpg,consumer_products,JNeallren
982,d9ddd725ab.jpg,consumer_products,Unnamed
983,d9e10ad3b9.jpg,consumer_products,Unnamed
984,d9e7818dd3.jpg,consumer_products,Unnamed
985,da0f2ab5cc.jpg,consumer_products,Unnamed
986,da1b670315.jpg,consumer_products,Unnamed
987,da2a2f2c45.jpg,consumer_products,casege
988,da7418957b.jpg,consumer_products,Unnamed
989,da88b7a2d7.jpg,consumer_products,Unnamed
990,da909616be.jpg,consumer_products,Unnamed
991,dae8f4314d.jpg,consumer_products,Unnamed
992,db175f7339.jpg,consumer_products,Unnamed
993,db69f9d859.jpg,consumer_products,Unnamed
994,dce894ce7a.jpg,consumer_products,Unnamed
995,dd784602ff.jpg,consumer_products,Unnamed
996,dd89cf1338.jpg,consumer_products,Unnamed
997,dd99a17355.jpg,consumer_products,Unnamed
998,de08e15d92.jpg,consumer_products,Unnamed
999,de21d65c2f.jpg,consumer_products,oddui
1000,de43e769c7.jpg,consumer_products,Unnamed
1001,de52185320.jpg,consumer_products,Unnamed
1002,de6659588b.jpg,consumer_products,4
1003,deb5a3c524.jpg,consumer_products,Unnamed
1004,df480fdf52.jpg,consumer_products,Unnamed
1005,df7b5b9628.jpg,consumer_products,Unnamed
1006,e02d95c137.jpg,consumer_products,agi
1007,e05d683e4c.jpg,consumer_products,Unnamed
1008,e08d54b4ee.jpg,consumer_products,Unnamed
1009,e0aa55f540.jpg,consumer_products,Unnamed
1010,e0fb3e273a.jpg,consumer_products,Unnamed
1011,e158b19b56.jpg,consumer_products,Unnamed
1012,e1a412c01a.jpg,consumer_products,Unnamed
1013,e1fef6cf49.jpg,consumer_products,Unnamed
1014,e20c9b81c6.jpg,consumer_products,Unnamed
1015,e230e76624.jpg,consumer_products,Unnamed
1016,e24d6205d9.jpg,consumer_products,ak
1017,e25b38ca26.jpg,consumer_products,Unnamed
1018,e2a2901359.jpg,consumer_products,et
1019,e2ce6e26ae.jpg,consumer_products,i
1020,e2e8fdea33.jpg,consumer_products,wt
1021,e2f6970525.jpg,consumer_products,aE
1022,e34709055e.jpg,consumer_products,Unnamed
1023,e398c09c7d.jpg,consumer_products,1ftamimmetsccm
1024,e3d767e87e.jpg,consumer_products,1aolotefailwl
1025,e48f98c8e0.jpg,consumer_products,Unnamed
1026,e4a7fb4b81.jpg,consumer_products,Unnamed
1027,e55feecf54.jpg,consumer_products,Unnamed
1028,e5667d8db1.jpg,consumer_products,Unnamed
1029,e5beeb7231.jpg,consumer_products,Unnamed
1030,e5cb88939c.jpg,toys,aseme
1031,e614966827.jpg,consumer_products,Unnamed
1032,e62bdd532a.jpg,consumer_products,Unnamed
1033,e64454b2f6.jpg,consumer_products,Unnamed
1034,e6b8507f83.jpg,consumer_products,Dkkcoy
1035,e6b87f4a1f.jpg,consumer_products,Unnamed
1036,e6c9e94948.jpg,consumer_products,Unnamed
1037,e6de0b7173.jpg,consumer_products,Unnamed
1038,e6fca2095b.jpg,consumer_products,Unnamed
1039,e731625992.jpg,consumer_products,Unnamed
1040,e765ffe300.jpg,consumer_products,Unnamed
1041,e7901c6fa1.jpg,consumer_products,weaeA
1042,e8191e7b8e.jpg,consumer_products,Unnamed
1043,e850bc1a19.jpg,consumer_products,Unnamed
1044,e8d8d22123.jpg,consumer_products,Unnamed
1045,e92e46aae3.jpg,consumer_products,Unnamed
1046,e94a0ff399.jpg,consumer_products,Unnamed
1047,e98997e771.jpg,consumer_products,Unnamed
1048,e9c637e725.jpg,consumer_products,Unnamed
1049,e9cf4c6386.jpg,consumer_products,Unnamed
1050,e9d12a012c.jpg,consumer_products,Unnamed
1051,ea0e37ca64.jpg,consumer_products,Unnamed
1052,ea5ef6d11f.jpg,consumer_products,Unnamed
1053,ea84dc987b.jpg,consumer_products,Unnamed
1054,eae64eaa8b.jpg,consumer_products,Unnamed
1055,eb0889be9d.jpg,consumer_products,Unnamed
1056,eb6313c865.jpg,consumer_products,Unnamed
1057,eba0b3234d.jpg,consumer_products,Unnamed
1058,ebb19bbec9.jpg,consumer_products,Unnamed
1059,ebda5fcbda.jpg,consumer_products,Unnamed
1060,ec3e6b821c.jpg,consumer_products,Unnamed
1061,ec87a29964.jpg,consumer_products,Unnamed
1062,ecd67fe219.jpg,consumer_products,Unnamed
1063,ecf5abdb24.jpg,consumer_products,Unnamed
1064,ed04c59bf7.jpg,consumer_products,Unnamed
1065,ed2044b81f.jpg,consumer_products,by
1066,ed28b97e83.jpg,consumer_products,oyse
1067,ed5f84c2a0.jpg,consumer_products,Unnamed
1068,edd693b9ac.jpg,consumer_products,Unnamed
1069,ee2240fad9.jpg,consumer_products,Unnamed
1070,ee514dd503.jpg,consumer_products,Unnamed
1071,ef0ce2175a.jpg,consumer_products,vProOFCASHBACK
1072,ef36c52ba1.jpg,consumer_products,Unnamed
1073,ef586126e0.jpg,consumer_products,Unnamed
1074,ef6f17fedb.jpg,consumer_products,Unnamed
1075,ef6f9ff712.jpg,consumer_products,Unnamed
1076,ef7d1a9484.jpg,consumer_products,Unnamed
1077,efa223c4f1.jpg,consumer_products,Unnamed
1078,efb7d4de8e.jpg,consumer_products,Unnamed
1079,efe1b85343.jpg,consumer_products,Unnamed
1080,f0393f886c.jpg,consumer_products,Unnamed
1081,f0ad8410dc.jpg,consumer_products,Unnamed
1082,f0ddd4adb6.jpg,consumer_products,hey
1083,f0e6847188.jpg,consumer_products,Unnamed
1084,f16cd284a7.jpg,consumer_products,Unnamed
1085,f208c421b8.jpg,consumer_products,Unnamed
1086,f21cb73414.jpg,consumer_products,Unnamed
1087,f25d4bb750.jpg,consumer_products,Unnamed
1088,f28e0f5b14.jpg,consumer_products,gins
1089,f2f1d08ea2.jpg,consumer_products,iy
1090,f300db5d6d.jpg,consumer_products,Unnamed
1091,f334d3501a.jpg,consumer_products,Unnamed
1092,f372ffc339.jpg,consumer_products,Unnamed
1093,f45446c795.jpg,consumer_products,Unnamed
1094,f467586bf4.jpg,consumer_products,le
1095,f54be9e610.jpg,consumer_products,Unnamed
1096,f578daa0a3.jpg,consumer_products,Unnamed
1097,f58b5a6b9e.jpg,consumer_products,Unnamed
1098,f5ec5df766.jpg,consumer_products,Unnamed
1099,f5f3a0c062.jpg,consumer_products,fiat
1100,f62722dad3.jpg,consumer_products,Unnamed
1101,f64d8212e7.jpg,consumer_products,Unnamed
1102,f70fb54eb1.jpg,consumer_products,Unnamed
1103,f7a91164fd.jpg,consumer_products,Pe
1104,f7d065c28b.jpg,consumer_products,oruneNUL
1105,f99eeb4b8d.jpg,consumer_products,Unnamed
1106,f9e4ce9892.jpg,consumer_products,66a
1107,fa054a4ef7.jpg,consumer_products,Unnamed
1108,fab3f36d95.jpg,consumer_products,Unnamed
1109,fac52c6683.jpg,consumer_products,AGati
1110,faed3aa081.jpg,consumer_products,Unnamed
1111,fb420cac8c.jpg,consumer_products,Unnamed
1112,fbe37cf0b9.jpg,consumer_products,Se
1113,fbeb233880.jpg,consumer_products,Unnamed
1114,fc02279f51.jpg,consumer_products,Unnamed
1115,fcb319226c.jpg,consumer_products,Unnamed
1116,fd2a520283.jpg,consumer_products,MageeSee
1117,fd9126b182.jpg,consumer_products,Unnamed
1118,fd9730f3e7.jpg,consumer_products,Unnamed
1119,fda64f4243.jpg,consumer_products,Unnamed
1120,fda6b63e64.jpg,consumer_products,Unnamed
1121,fdd74406b0.jpg,consumer_products,Unnamed
1122,fe13d5b93a.jpg,consumer_products,Unnamed
1123,fe311dccc8.jpg,consumer_products,Unnamed
1124,fe3fbb7771.jpg,consumer_products,Unnamed
1125,fe97a44d89.jpg,consumer_products,Unnamed
1126,fe97c8f4b2.jpg,consumer_products,Unnamed
1127,fea831ee5f.jpg,consumer_products,Unnamed
1128,fef359ca4f.jpg,consumer_products,Unnamed
1129,ff11b2859a.jpg,consumer_products,Unnamed
1130,ffbf5217ec.jpg,consumer_products,Unnamed
